league,season,game,team,Accurate passes,Ball possession,Big chances,Big chances missed,Corners,Expected goals (xG),Fouls committed,Shots on target,Total shots,Accurate passes (%)
ENG-Premier League,2425,2024-08-16 Manchester United-Fulham,Fulham,306,45,0,0,8,0.44,10,2,10,0.8
ENG-Premier League,2425,2024-08-16 Manchester United-Fulham,Manchester United,408,55,4,4,7,2.43,12,5,14,0.85
ENG-Premier League,2425,2024-08-17 Arsenal-Wolverhampton Wanderers,Arsenal,357,53,2,1,8,1.24,17,6,18,0.85
ENG-Premier League,2425,2024-08-17 Arsenal-Wolverhampton Wanderers,Wolverhampton Wanderers,307,47,1,1,2,0.47,14,3,9,0.82
ENG-Premier League,2425,2024-08-17 Everton-Brighton & Hove Albion,Brighton & Hove Albion,492,62,2,1,5,1.43,8,5,10,0.86
ENG-Premier League,2425,2024-08-17 Everton-Brighton & Hove Albion,Everton,266,38,0,0,1,0.45,8,1,9,0.77
ENG-Premier League,2425,2024-08-17 Ipswich Town-Liverpool,Ipswich Town,272,38,0,0,2,0.45,9,2,7,0.78
ENG-Premier League,2425,2024-08-17 Ipswich Town-Liverpool,Liverpool,492,62,6,4,10,2.65,18,5,18,0.86
ENG-Premier League,2425,2024-08-17 Newcastle United-Southampton,Newcastle United,117,22,1,0,3,0.25,15,1,3,0.65
ENG-Premier League,2425,2024-08-17 Newcastle United-Southampton,Southampton,579,78,3,3,12,1.77,16,4,19,0.89
ENG-Premier League,2425,2024-08-17 Nottingham Forest-AFC Bournemouth,AFC Bournemouth,335,47,3,2,6,1.22,8,4,13,0.78
ENG-Premier League,2425,2024-08-17 Nottingham Forest-AFC Bournemouth,Nottingham Forest,402,53,1,0,2,1.30,17,8,14,0.8
ENG-Premier League,2425,2024-08-17 West Ham United-Aston Villa,Aston Villa,329,48,4,2,3,2.03,11,3,15,0.84
ENG-Premier League,2425,2024-08-17 West Ham United-Aston Villa,West Ham United,352,52,4,3,5,2.46,18,3,14,0.84
ENG-Premier League,2425,2024-08-18 Brentford-Crystal Palace,Brentford,311,46,3,2,4,1.59,6,5,9,0.77
ENG-Premier League,2425,2024-08-18 Brentford-Crystal Palace,Crystal Palace,389,54,1,1,7,1.17,15,6,14,0.81
ENG-Premier League,2425,2024-08-18 Chelsea-Manchester City,Chelsea,436,48,1,1,4,1.01,12,3,10,0.89
ENG-Premier League,2425,2024-08-18 Chelsea-Manchester City,Manchester City,477,52,1,0,3,0.77,9,5,11,0.89
ENG-Premier League,2425,2024-08-19 Leicester City-Tottenham Hotspur,Leicester City,211,30,2,1,2,1.05,11,3,7,0.77
ENG-Premier League,2425,2024-08-19 Leicester City-Tottenham Hotspur,Tottenham Hotspur,601,70,2,2,13,1.18,12,7,15,0.9
ENG-Premier League,2425,2024-08-24 Aston Villa-Arsenal,Arsenal,469,61,2,2,1,0.87,16,4,9,0.91
ENG-Premier League,2425,2024-08-24 Aston Villa-Arsenal,Aston Villa,271,39,2,2,4,1.28,8,3,11,0.82
ENG-Premier League,2425,2024-08-24 Brighton & Hove Albion-Manchester United,Brighton & Hove Albion,407,48,2,0,4,2.09,9,5,14,0.85
ENG-Premier League,2425,2024-08-24 Brighton & Hove Albion-Manchester United,Manchester United,446,52,2,2,4,1.43,13,4,11,0.87
ENG-Premier League,2425,2024-08-24 Crystal Palace-West Ham United,Crystal Palace,454,58,2,2,3,1.35,9,2,14,0.82
ENG-Premier League,2425,2024-08-24 Crystal Palace-West Ham United,West Ham United,302,42,1,1,3,1.39,17,3,18,0.77
ENG-Premier League,2425,2024-08-24 Fulham-Leicester City,Fulham,459,54,3,1,7,1.78,14,6,18,0.85
ENG-Premier League,2425,2024-08-24 Fulham-Leicester City,Leicester City,381,46,1,0,5,0.61,13,4,10,0.84
ENG-Premier League,2425,2024-08-24 Manchester City-Ipswich Town,Ipswich Town,200,25,1,0,1,0.29,15,1,1,0.82
ENG-Premier League,2425,2024-08-24 Manchester City-Ipswich Town,Manchester City,700,75,5,2,10,3.34,4,5,14,0.93
ENG-Premier League,2425,2024-08-24 Southampton-Nottingham Forest,Nottingham Forest,294,35,6,5,10,2.45,14,8,23,0.84
ENG-Premier League,2425,2024-08-24 Southampton-Nottingham Forest,Southampton,596,65,0,0,4,0.14,14,1,5,0.91
ENG-Premier League,2425,2024-08-24 Tottenham Hotspur-Everton,Everton,188,30,0,0,5,1.00,15,1,10,0.75
ENG-Premier League,2425,2024-08-24 Tottenham Hotspur-Everton,Tottenham Hotspur,540,70,6,3,12,2.43,11,7,13,0.89
ENG-Premier League,2425,2024-08-25 AFC Bournemouth-Newcastle United,AFC Bournemouth,245,39,2,1,8,2.26,20,4,16,0.76
ENG-Premier League,2425,2024-08-25 AFC Bournemouth-Newcastle United,Newcastle United,393,61,4,3,9,1.69,8,5,14,0.79
ENG-Premier League,2425,2024-08-25 Liverpool-Brentford,Brentford,298,38,2,2,4,0.55,7,2,8,0.82
ENG-Premier League,2425,2024-08-25 Liverpool-Brentford,Liverpool,550,62,4,2,9,2.65,10,8,19,0.91
ENG-Premier League,2425,2024-08-25 Wolverhampton Wanderers-Chelsea,Chelsea,426,60,5,1,5,1.68,13,8,14,0.86
ENG-Premier League,2425,2024-08-25 Wolverhampton Wanderers-Chelsea,Wolverhampton Wanderers,253,40,5,3,5,1.96,13,4,12,0.79
ENG-Premier League,2425,2024-08-31 Arsenal-Brighton & Hove Albion,Arsenal,200,36,5,4,3,2.14,12,7,11,0.74
ENG-Premier League,2425,2024-08-31 Arsenal-Brighton & Hove Albion,Brighton & Hove Albion,404,64,3,2,7,1.76,7,4,22,0.86
ENG-Premier League,2425,2024-08-31 Brentford-Southampton,Brentford,310,37,6,3,2,2.78,10,7,20,0.87
ENG-Premier League,2425,2024-08-31 Brentford-Southampton,Southampton,548,63,2,2,8,1.57,7,6,18,0.88
ENG-Premier League,2425,2024-08-31 Everton-AFC Bournemouth,AFC Bournemouth,300,53,5,2,4,2.37,11,7,17,0.77
ENG-Premier League,2425,2024-08-31 Everton-AFC Bournemouth,Everton,257,47,5,3,8,1.99,6,8,18,0.74
ENG-Premier League,2425,2024-08-31 Ipswich Town-Fulham,Fulham,359,51,2,1,6,0.95,15,4,9,0.86
ENG-Premier League,2425,2024-08-31 Ipswich Town-Fulham,Ipswich Town,345,49,1,1,8,0.45,15,4,11,0.86
ENG-Premier League,2425,2024-08-31 Leicester City-Aston Villa,Aston Villa,318,42,4,2,4,1.55,21,5,10,0.83
ENG-Premier League,2425,2024-08-31 Leicester City-Aston Villa,Leicester City,457,58,1,0,1,0.45,13,3,9,0.89
ENG-Premier League,2425,2024-08-31 Nottingham Forest-Wolverhampton Wanderers,Nottingham Forest,293,52,1,1,7,1.04,15,5,16,0.8
ENG-Premier League,2425,2024-08-31 Nottingham Forest-Wolverhampton Wanderers,Wolverhampton Wanderers,279,48,2,2,3,0.74,18,3,11,0.78
ENG-Premier League,2425,2024-08-31 West Ham United-Manchester City,Manchester City,670,68,5,3,11,3.00,3,8,23,0.92
ENG-Premier League,2425,2024-08-31 West Ham United-Manchester City,West Ham United,284,32,1,1,3,0.73,10,2,10,0.84
ENG-Premier League,2425,2024-09-01 Chelsea-Crystal Palace,Chelsea,532,63,5,4,4,2.37,9,7,13,0.9
ENG-Premier League,2425,2024-09-01 Chelsea-Crystal Palace,Crystal Palace,276,37,0,0,4,0.54,13,3,9,0.79
ENG-Premier League,2425,2024-09-01 Manchester United-Liverpool,Liverpool,391,47,6,3,2,1.79,7,3,11,0.84
ENG-Premier League,2425,2024-09-01 Manchester United-Liverpool,Manchester United,421,53,3,3,5,1.36,7,3,8,0.83
ENG-Premier League,2425,2024-09-01 Newcastle United-Tottenham Hotspur,Newcastle United,183,34,2,0,7,1.83,16,3,9,0.7
ENG-Premier League,2425,2024-09-01 Newcastle United-Tottenham Hotspur,Tottenham Hotspur,421,66,2,2,12,1.26,13,6,20,0.84
ENG-Premier League,2425,2024-09-14 AFC Bournemouth-Chelsea,AFC Bournemouth,193,33,1,1,6,1.78,16,7,19,0.7
ENG-Premier League,2425,2024-09-14 AFC Bournemouth-Chelsea,Chelsea,494,67,1,0,3,0.78,9,3,10,0.85
ENG-Premier League,2425,2024-09-14 Aston Villa-Everton,Aston Villa,602,73,6,4,6,2.12,10,8,17,0.91
ENG-Premier League,2425,2024-09-14 Aston Villa-Everton,Everton,182,27,2,1,2,0.90,12,2,6,0.76
ENG-Premier League,2425,2024-09-14 Brighton & Hove Albion-Ipswich Town,Brighton & Hove Albion,490,69,3,3,9,1.66,14,6,21,0.86
ENG-Premier League,2425,2024-09-14 Brighton & Hove Albion-Ipswich Town,Ipswich Town,184,31,1,1,2,0.35,16,1,6,0.7
ENG-Premier League,2425,2024-09-14 Crystal Palace-Leicester City,Crystal Palace,503,67,4,2,5,2.55,11,4,20,0.85
ENG-Premier League,2425,2024-09-14 Crystal Palace-Leicester City,Leicester City,203,33,3,1,2,1.23,15,4,9,0.69
ENG-Premier League,2425,2024-09-14 Fulham-West Ham United,Fulham,316,54,4,3,3,1.54,15,5,21,0.8
ENG-Premier League,2425,2024-09-14 Fulham-West Ham United,West Ham United,258,46,1,1,2,0.76,18,3,11,0.77
ENG-Premier League,2425,2024-09-14 Liverpool-Nottingham Forest,Liverpool,507,69,1,1,7,0.94,15,5,14,0.84
ENG-Premier League,2425,2024-09-14 Liverpool-Nottingham Forest,Nottingham Forest,189,31,2,2,2,0.44,6,3,5,0.69
ENG-Premier League,2425,2024-09-14 Manchester City-Brentford,Brentford,398,46,1,0,3,0.96,3,5,8,0.85
ENG-Premier League,2425,2024-09-14 Manchester City-Brentford,Manchester City,485,54,2,1,12,2.17,9,7,18,0.89
ENG-Premier League,2425,2024-09-14 Southampton-Manchester United,Manchester United,556,56,5,3,7,2.67,14,10,20,0.91
ENG-Premier League,2425,2024-09-14 Southampton-Manchester United,Southampton,421,44,3,3,0,1.12,11,4,6,0.88
ENG-Premier League,2425,2024-09-15 Tottenham Hotspur-Arsenal,Arsenal,213,36,2,1,6,0.74,10,4,7,0.76
ENG-Premier League,2425,2024-09-15 Tottenham Hotspur-Arsenal,Tottenham Hotspur,437,64,0,0,7,0.71,13,5,15,0.88
ENG-Premier League,2425,2024-09-15 Wolverhampton Wanderers-Newcastle United,Newcastle United,415,52,2,2,7,1.52,6,6,14,0.88
ENG-Premier League,2425,2024-09-15 Wolverhampton Wanderers-Newcastle United,Wolverhampton Wanderers,362,48,2,1,4,1.23,17,5,12,0.84
ENG-Premier League,2425,2024-09-21 Aston Villa-Wolverhampton Wanderers,Aston Villa,393,53,5,2,6,1.73,11,4,9,0.88
ENG-Premier League,2425,2024-09-21 Aston Villa-Wolverhampton Wanderers,Wolverhampton Wanderers,341,47,0,0,5,0.51,16,4,10,0.86
ENG-Premier League,2425,2024-09-21 Crystal Palace-Manchester United,Crystal Palace,221,33,3,3,4,1.01,7,4,9,0.71
ENG-Premier League,2425,2024-09-21 Crystal Palace-Manchester United,Manchester United,547,67,5,5,11,1.70,12,6,15,0.86
ENG-Premier League,2425,2024-09-21 Fulham-Newcastle United,Fulham,283,39,5,3,6,2.29,16,11,22,0.82
ENG-Premier League,2425,2024-09-21 Fulham-Newcastle United,Newcastle United,506,61,1,1,0,1.54,8,5,16,0.9
ENG-Premier League,2425,2024-09-21 Leicester City-Everton,Everton,271,42,3,3,1,1.10,12,5,17,0.81
ENG-Premier League,2425,2024-09-21 Leicester City-Everton,Leicester City,389,58,2,1,6,0.66,11,2,12,0.85
ENG-Premier League,2425,2024-09-21 Liverpool-AFC Bournemouth,AFC Bournemouth,332,41,2,2,9,1.08,12,6,19,0.85
ENG-Premier League,2425,2024-09-21 Liverpool-AFC Bournemouth,Liverpool,519,59,4,2,3,2.06,10,13,19,0.89
ENG-Premier League,2425,2024-09-21 Southampton-Ipswich Town,Ipswich Town,350,46,2,2,10,1.69,16,6,13,0.86
ENG-Premier League,2425,2024-09-21 Southampton-Ipswich Town,Southampton,428,54,4,3,2,2.49,16,3,11,0.87
ENG-Premier League,2425,2024-09-21 Tottenham Hotspur-Brentford,Brentford,393,52,2,2,4,0.80,9,6,6,0.8
ENG-Premier League,2425,2024-09-21 Tottenham Hotspur-Brentford,Tottenham Hotspur,355,48,7,5,9,3.52,11,10,23,0.82
ENG-Premier League,2425,2024-09-21 West Ham United-Chelsea,Chelsea,393,47,5,2,5,2.19,9,5,12,0.87
ENG-Premier League,2425,2024-09-21 West Ham United-Chelsea,West Ham United,444,53,0,0,6,0.85,17,7,15,0.89
ENG-Premier League,2425,2024-09-22 Brighton & Hove Albion-Nottingham Forest,Brighton & Hove Albion,475,70,2,1,9,1.00,12,3,14,0.88
ENG-Premier League,2425,2024-09-22 Brighton & Hove Albion-Nottingham Forest,Nottingham Forest,169,30,2,0,1,1.42,11,3,4,0.69
ENG-Premier League,2425,2024-09-22 Manchester City-Arsenal,Arsenal,148,23,3,2,2,0.67,10,3,5,0.71
ENG-Premier League,2425,2024-09-22 Manchester City-Arsenal,Manchester City,644,77,5,3,8,2.18,7,11,33,0.91
ENG-Premier League,2425,2024-09-28 Arsenal-Leicester City,Arsenal,592,75,9,6,17,4.60,11,16,35,0.89
ENG-Premier League,2425,2024-09-28 Arsenal-Leicester City,Leicester City,171,25,0,0,0,0.32,6,3,5,0.74
ENG-Premier League,2425,2024-09-28 Brentford-West Ham United,Brentford,425,57,1,1,7,0.37,2,3,8,0.8
ENG-Premier League,2425,2024-09-28 Brentford-West Ham United,West Ham United,316,43,1,0,6,0.99,11,3,19,0.79
ENG-Premier League,2425,2024-09-28 Chelsea-Brighton & Hove Albion,Brighton & Hove Albion,476,59,3,1,2,1.11,8,5,15,0.86
ENG-Premier League,2425,2024-09-28 Chelsea-Brighton & Hove Albion,Chelsea,288,41,7,5,8,4.16,11,7,15,0.77
ENG-Premier League,2425,2024-09-28 Everton-Crystal Palace,Crystal Palace,435,60,1,0,8,0.95,11,5,17,0.81
ENG-Premier League,2425,2024-09-28 Everton-Crystal Palace,Everton,259,40,1,1,5,0.89,13,2,8,0.75
ENG-Premier League,2425,2024-09-28 Newcastle United-Manchester City,Manchester City,490,62,1,0,6,0.91,10,6,16,0.88
ENG-Premier League,2425,2024-09-28 Newcastle United-Manchester City,Newcastle United,261,38,2,1,5,1.57,14,4,11,0.79
ENG-Premier League,2425,2024-09-28 Nottingham Forest-Fulham,Fulham,459,59,1,0,5,1.33,15,2,14,0.87
ENG-Premier League,2425,2024-09-28 Nottingham Forest-Fulham,Nottingham Forest,278,41,0,0,6,0.80,11,1,11,0.79
ENG-Premier League,2425,2024-09-28 Wolverhampton Wanderers-Liverpool,Liverpool,455,55,3,2,10,2.54,8,6,10,0.85
ENG-Premier League,2425,2024-09-28 Wolverhampton Wanderers-Liverpool,Wolverhampton Wanderers,357,45,1,0,2,0.63,16,3,8,0.84
ENG-Premier League,2425,2024-09-29 Ipswich Town-Aston Villa,Aston Villa,480,56,2,1,0,0.82,14,3,7,0.89
ENG-Premier League,2425,2024-09-29 Ipswich Town-Aston Villa,Ipswich Town,347,44,4,3,10,1.18,10,5,15,0.85
ENG-Premier League,2425,2024-09-29 Manchester United-Tottenham Hotspur,Manchester United,312,39,0,0,5,0.96,16,2,11,0.79
ENG-Premier League,2425,2024-09-29 Manchester United-Tottenham Hotspur,Tottenham Hotspur,562,61,9,6,3,4.59,14,10,24,0.88
ENG-Premier League,2425,2024-09-30 AFC Bournemouth-Southampton,AFC Bournemouth,305,40,1,0,6,1.37,19,6,14,0.81
ENG-Premier League,2425,2024-09-30 AFC Bournemouth-Southampton,Southampton,499,60,1,0,4,0.60,12,3,9,0.86
ENG-Premier League,2425,2024-10-05 Arsenal-Southampton,Arsenal,483,59,4,2,13,2.83,10,6,29,0.9
ENG-Premier League,2425,2024-10-05 Arsenal-Southampton,Southampton,337,41,2,2,1,0.65,9,2,8,0.85
ENG-Premier League,2425,2024-10-05 Brentford-Wolverhampton Wanderers,Brentford,283,44,8,4,10,4.25,9,12,19,0.78
ENG-Premier League,2425,2024-10-05 Brentford-Wolverhampton Wanderers,Wolverhampton Wanderers,376,56,1,1,3,1.05,10,6,17,0.79
ENG-Premier League,2425,2024-10-05 Crystal Palace-Liverpool,Crystal Palace,209,32,2,2,3,0.64,7,5,9,0.7
ENG-Premier League,2425,2024-10-05 Crystal Palace-Liverpool,Liverpool,549,68,4,3,8,1.39,15,4,16,0.86
ENG-Premier League,2425,2024-10-05 Everton-Newcastle United,Everton,228,32,2,2,0,0.67,12,2,8,0.74
ENG-Premier League,2425,2024-10-05 Everton-Newcastle United,Newcastle United,566,68,1,1,10,2.05,8,3,14,0.86
ENG-Premier League,2425,2024-10-05 Leicester City-AFC Bournemouth,AFC Bournemouth,362,56,5,5,9,2.16,14,2,19,0.82
ENG-Premier League,2425,2024-10-05 Leicester City-AFC Bournemouth,Leicester City,280,44,2,1,0,0.79,12,2,6,0.76
ENG-Premier League,2425,2024-10-05 Manchester City-Fulham,Fulham,392,42,5,3,3,2.60,10,4,11,0.87
ENG-Premier League,2425,2024-10-05 Manchester City-Fulham,Manchester City,575,58,1,1,8,1.57,4,7,20,0.91
ENG-Premier League,2425,2024-10-05 West Ham United-Ipswich Town,Ipswich Town,361,47,2,2,5,0.65,6,2,9,0.84
ENG-Premier League,2425,2024-10-05 West Ham United-Ipswich Town,West Ham United,432,53,9,6,5,3.79,12,13,23,0.87
ENG-Premier League,2425,2024-10-06 Aston Villa-Manchester United,Aston Villa,345,54,0,0,6,0.50,12,1,11,0.83
ENG-Premier League,2425,2024-10-06 Aston Villa-Manchester United,Manchester United,302,46,0,0,3,0.56,11,4,10,0.82
ENG-Premier League,2425,2024-10-06 Brighton & Hove Albion-Tottenham Hotspur,Brighton & Hove Albion,301,41,4,1,4,1.76,14,4,11,0.83
ENG-Premier League,2425,2024-10-06 Brighton & Hove Albion-Tottenham Hotspur,Tottenham Hotspur,461,59,1,0,7,1.34,10,3,13,0.88
ENG-Premier League,2425,2024-10-06 Chelsea-Nottingham Forest,Chelsea,519,66,3,3,11,2.46,12,8,22,0.88
ENG-Premier League,2425,2024-10-06 Chelsea-Nottingham Forest,Nottingham Forest,233,34,4,3,3,0.87,11,9,16,0.76
ENG-Premier League,2425,2024-10-19 AFC Bournemouth-Arsenal,AFC Bournemouth,323,49,3,2,7,1.82,12,4,13,0.8
ENG-Premier League,2425,2024-10-19 AFC Bournemouth-Arsenal,Arsenal,348,51,2,2,4,0.68,11,1,6,0.79
ENG-Premier League,2425,2024-10-19 Fulham-Aston Villa,Aston Villa,361,48,2,2,11,1.68,11,5,14,0.88
ENG-Premier League,2425,2024-10-19 Fulham-Aston Villa,Fulham,377,52,4,4,6,1.78,8,4,10,0.87
ENG-Premier League,2425,2024-10-19 Ipswich Town-Everton,Everton,319,45,3,2,7,1.74,10,8,11,0.79
ENG-Premier League,2425,2024-10-19 Ipswich Town-Everton,Ipswich Town,419,55,2,2,5,1.25,12,2,13,0.87
ENG-Premier League,2425,2024-10-19 Manchester United-Brentford,Brentford,412,50,2,1,2,0.86,5,2,8,0.85
ENG-Premier League,2425,2024-10-19 Manchester United-Brentford,Manchester United,409,50,3,1,9,1.33,4,11,23,0.84
ENG-Premier League,2425,2024-10-19 Newcastle United-Brighton & Hove Albion,Brighton & Hove Albion,294,40,4,3,4,1.12,9,5,10,0.79
ENG-Premier League,2425,2024-10-19 Newcastle United-Brighton & Hove Albion,Newcastle United,448,60,4,4,9,2.02,11,6,21,0.82
ENG-Premier League,2425,2024-10-19 Southampton-Leicester City,Leicester City,420,58,4,2,6,3.21,10,4,18,0.85
ENG-Premier League,2425,2024-10-19 Southampton-Leicester City,Southampton,297,42,3,1,10,2.15,10,7,14,0.83
ENG-Premier League,2425,2024-10-19 Tottenham Hotspur-West Ham United,Tottenham Hotspur,414,57,2,2,13,1.92,10,7,22,0.87
ENG-Premier League,2425,2024-10-19 Tottenham Hotspur-West Ham United,West Ham United,295,43,2,1,5,0.78,15,4,11,0.81
ENG-Premier League,2425,2024-10-20 Liverpool-Chelsea,Chelsea,476,58,3,2,5,0.99,13,2,12,0.88
ENG-Premier League,2425,2024-10-20 Liverpool-Chelsea,Liverpool,326,42,3,1,1,1.94,12,5,9,0.8
ENG-Premier League,2425,2024-10-20 Wolverhampton Wanderers-Manchester City,Manchester City,657,78,0,0,18,1.62,5,7,22,0.9
ENG-Premier League,2425,2024-10-20 Wolverhampton Wanderers-Manchester City,Wolverhampton Wanderers,143,22,2,1,1,0.97,8,2,3,0.66
ENG-Premier League,2425,2024-10-21 Nottingham Forest-Crystal Palace,Crystal Palace,358,50,0,0,6,0.97,12,7,20,0.8
ENG-Premier League,2425,2024-10-21 Nottingham Forest-Crystal Palace,Nottingham Forest,362,50,3,3,6,1.76,9,6,20,0.82
ENG-Premier League,2425,2024-10-25 Leicester City-Nottingham Forest,Leicester City,482,64,1,0,6,0.76,16,1,11,0.86
ENG-Premier League,2425,2024-10-25 Leicester City-Nottingham Forest,Nottingham Forest,231,36,4,3,7,1.73,9,5,20,0.76
ENG-Premier League,2425,2024-10-26 Aston Villa-AFC Bournemouth,AFC Bournemouth,270,43,0,0,7,0.31,14,3,10,0.83
ENG-Premier League,2425,2024-10-26 Aston Villa-AFC Bournemouth,Aston Villa,362,57,3,2,9,1.81,12,8,18,0.83
ENG-Premier League,2425,2024-10-26 Brentford-Ipswich Town,Brentford,468,65,7,4,4,4.10,7,9,20,0.84
ENG-Premier League,2425,2024-10-26 Brentford-Ipswich Town,Ipswich Town,210,35,4,1,5,1.30,10,5,11,0.72
ENG-Premier League,2425,2024-10-26 Brighton & Hove Albion-Wolverhampton Wanderers,Brighton & Hove Albion,393,51,2,1,9,1.31,12,6,19,0.87
ENG-Premier League,2425,2024-10-26 Brighton & Hove Albion-Wolverhampton Wanderers,Wolverhampton Wanderers,361,49,1,1,6,1.36,10,7,14,0.82
ENG-Premier League,2425,2024-10-26 Everton-Fulham,Everton,304,40,1,0,4,0.79,8,5,10,0.79
ENG-Premier League,2425,2024-10-26 Everton-Fulham,Fulham,505,60,1,1,2,1.26,8,3,14,0.86
ENG-Premier League,2425,2024-10-26 Manchester City-Southampton,Manchester City,571,57,4,3,12,2.95,9,8,22,0.93
ENG-Premier League,2425,2024-10-26 Manchester City-Southampton,Southampton,434,43,1,1,1,0.21,9,2,5,0.91
ENG-Premier League,2425,2024-10-27 Arsenal-Liverpool,Arsenal,306,45,2,0,1,0.92,14,3,9,0.8
ENG-Premier League,2425,2024-10-27 Arsenal-Liverpool,Liverpool,387,55,2,0,3,0.81,14,4,9,0.83
ENG-Premier League,2425,2024-10-27 Chelsea-Newcastle United,Chelsea,388,50,1,0,7,1.61,13,7,17,0.85
ENG-Premier League,2425,2024-10-27 Chelsea-Newcastle United,Newcastle United,362,50,3,2,4,1.81,16,3,11,0.8
ENG-Premier League,2425,2024-10-27 Crystal Palace-Tottenham Hotspur,Crystal Palace,159,34,1,0,8,0.78,16,6,14,0.64
ENG-Premier League,2425,2024-10-27 Crystal Palace-Tottenham Hotspur,Tottenham Hotspur,419,66,2,2,8,0.74,12,3,11,0.81
ENG-Premier League,2425,2024-10-27 West Ham United-Manchester United,Manchester United,451,58,5,4,5,2.34,7,5,18,0.84
ENG-Premier League,2425,2024-10-27 West Ham United-Manchester United,West Ham United,318,42,4,2,6,3.00,6,3,12,0.81
ENG-Premier League,2425,2024-11-02 AFC Bournemouth-Manchester City,AFC Bournemouth,282,36,6,4,3,2.04,11,6,12,0.84
ENG-Premier League,2425,2024-11-02 AFC Bournemouth-Manchester City,Manchester City,541,64,3,3,10,1.56,6,4,18,0.9
ENG-Premier League,2425,2024-11-02 Ipswich Town-Leicester City,Ipswich Town,245,42,2,2,4,1.00,11,2,14,0.77
ENG-Premier League,2425,2024-11-02 Ipswich Town-Leicester City,Leicester City,346,58,4,3,6,1.55,10,6,20,0.8
ENG-Premier League,2425,2024-11-02 Liverpool-Brighton & Hove Albion,Brighton & Hove Albion,407,51,1,1,7,1.01,18,5,13,0.87
ENG-Premier League,2425,2024-11-02 Liverpool-Brighton & Hove Albion,Liverpool,367,49,4,4,9,1.65,10,8,16,0.83
ENG-Premier League,2425,2024-11-02 Newcastle United-Arsenal,Arsenal,433,64,1,1,6,1.05,18,1,10,0.86
ENG-Premier League,2425,2024-11-02 Newcastle United-Arsenal,Newcastle United,200,36,1,0,4,0.52,16,4,9,0.69
ENG-Premier League,2425,2024-11-02 Nottingham Forest-West Ham United,Nottingham Forest,378,53,3,2,10,2.17,7,6,19,0.85
ENG-Premier League,2425,2024-11-02 Nottingham Forest-West Ham United,West Ham United,308,47,0,0,6,0.13,9,2,4,0.79
ENG-Premier League,2425,2024-11-02 Southampton-Everton,Everton,247,35,3,3,6,1.56,18,5,16,0.81
ENG-Premier League,2425,2024-11-02 Southampton-Everton,Southampton,540,65,1,1,3,0.74,14,2,9,0.92
ENG-Premier League,2425,2024-11-02 Wolverhampton Wanderers-Crystal Palace,Crystal Palace,273,43,4,3,6,2.51,9,7,19,0.76
ENG-Premier League,2425,2024-11-02 Wolverhampton Wanderers-Crystal Palace,Wolverhampton Wanderers,389,57,4,2,3,1.53,7,6,11,0.8
ENG-Premier League,2425,2024-11-03 Manchester United-Chelsea,Chelsea,397,54,1,1,8,1.11,14,3,12,0.84
ENG-Premier League,2425,2024-11-03 Manchester United-Chelsea,Manchester United,322,46,4,3,4,1.98,19,4,11,0.8
ENG-Premier League,2425,2024-11-03 Tottenham Hotspur-Aston Villa,Aston Villa,324,49,4,3,4,1.86,14,1,12,0.84
ENG-Premier League,2425,2024-11-03 Tottenham Hotspur-Aston Villa,Tottenham Hotspur,354,51,3,0,6,2.44,14,6,16,0.89
ENG-Premier League,2425,2024-11-04 Fulham-Brentford,Brentford,227,32,1,1,3,0.59,10,2,5,0.71
ENG-Premier League,2425,2024-11-04 Fulham-Brentford,Fulham,565,68,1,1,11,1.35,3,12,26,0.88
ENG-Premier League,2425,2024-11-09 Brentford-AFC Bournemouth,AFC Bournemouth,290,48,3,1,4,2.61,16,3,15,0.75
ENG-Premier League,2425,2024-11-09 Brentford-AFC Bournemouth,Brentford,313,52,2,0,6,1.48,8,6,12,0.76
ENG-Premier League,2425,2024-11-09 Brighton & Hove Albion-Manchester City,Brighton & Hove Albion,372,40,8,6,0,2.29,12,4,10,0.87
ENG-Premier League,2425,2024-11-09 Brighton & Hove Albion-Manchester City,Manchester City,586,60,5,4,4,2.22,10,6,15,0.9
ENG-Premier League,2425,2024-11-09 Crystal Palace-Fulham,Crystal Palace,274,36,4,4,1,1.52,10,5,13,0.77
ENG-Premier League,2425,2024-11-09 Crystal Palace-Fulham,Fulham,531,64,3,1,8,1.83,11,7,17,0.85
ENG-Premier League,2425,2024-11-09 Liverpool-Aston Villa,Aston Villa,288,38,5,5,9,1.38,15,2,12,0.82
ENG-Premier League,2425,2024-11-09 Liverpool-Aston Villa,Liverpool,546,62,4,2,2,2.02,11,5,14,0.88
ENG-Premier League,2425,2024-11-09 West Ham United-Everton,Everton,341,51,0,0,6,1.11,9,4,18,0.76
ENG-Premier League,2425,2024-11-09 West Ham United-Everton,West Ham United,349,49,2,2,7,0.83,10,6,11,0.78
ENG-Premier League,2425,2024-11-09 Wolverhampton Wanderers-Southampton,Southampton,606,71,1,1,9,0.66,12,0,9,0.9
ENG-Premier League,2425,2024-11-09 Wolverhampton Wanderers-Southampton,Wolverhampton Wanderers,213,29,1,0,1,1.26,14,4,8,0.77
ENG-Premier League,2425,2024-11-10 Chelsea-Arsenal,Arsenal,375,51,4,3,3,1.55,12,3,13,0.88
ENG-Premier League,2425,2024-11-10 Chelsea-Arsenal,Chelsea,358,49,1,1,4,1.54,12,3,17,0.85
ENG-Premier League,2425,2024-11-10 Manchester United-Leicester City,Leicester City,388,49,1,1,5,0.63,5,5,6,0.83
ENG-Premier League,2425,2024-11-10 Manchester United-Leicester City,Manchester United,418,51,1,1,1,0.76,9,3,13,0.85
ENG-Premier League,2425,2024-11-10 Nottingham Forest-Newcastle United,Newcastle United,427,56,2,1,5,1.70,6,6,17,0.86
ENG-Premier League,2425,2024-11-10 Nottingham Forest-Newcastle United,Nottingham Forest,299,44,2,1,4,0.63,13,3,9,0.78
ENG-Premier League,2425,2024-11-10 Tottenham Hotspur-Ipswich Town,Ipswich Town,188,34,4,2,2,1.62,19,3,8,0.68
ENG-Premier League,2425,2024-11-10 Tottenham Hotspur-Ipswich Town,Tottenham Hotspur,462,66,2,2,12,1.55,10,5,17,0.84
ENG-Premier League,2425,2024-11-23 AFC Bournemouth-Brighton & Hove Albion,AFC Bournemouth,415,55,4,3,7,1.63,13,5,19,0.87
ENG-Premier League,2425,2024-11-23 AFC Bournemouth-Brighton & Hove Albion,Brighton & Hove Albion,339,45,2,0,0,0.94,10,4,6,0.81
ENG-Premier League,2425,2024-11-23 Arsenal-Nottingham Forest,Arsenal,536,66,1,1,8,1.19,10,7,19,0.91
ENG-Premier League,2425,2024-11-23 Arsenal-Nottingham Forest,Nottingham Forest,240,34,0,0,1,0.33,11,0,7,0.81
ENG-Premier League,2425,2024-11-23 Aston Villa-Crystal Palace,Aston Villa,531,70,4,3,10,3.11,10,5,17,0.86
ENG-Premier League,2425,2024-11-23 Aston Villa-Crystal Palace,Crystal Palace,180,30,4,2,1,1.26,11,6,13,0.69
ENG-Premier League,2425,2024-11-23 Everton-Brentford,Brentford,271,41,2,2,4,1.10,10,2,9,0.79
ENG-Premier League,2425,2024-11-23 Everton-Brentford,Everton,405,59,1,1,10,1.20,8,5,27,0.87
ENG-Premier League,2425,2024-11-23 Fulham-Wolverhampton Wanderers,Fulham,463,59,1,1,7,1.03,14,3,10,0.85
ENG-Premier League,2425,2024-11-23 Fulham-Wolverhampton Wanderers,Wolverhampton Wanderers,325,41,2,0,2,1.32,14,5,10,0.83
ENG-Premier League,2425,2024-11-23 Leicester City-Chelsea,Chelsea,528,63,4,2,9,2.75,12,7,16,0.87
ENG-Premier League,2425,2024-11-23 Leicester City-Chelsea,Leicester City,264,37,1,0,2,1.11,15,1,4,0.75
ENG-Premier League,2425,2024-11-23 Manchester City-Tottenham Hotspur,Manchester City,523,58,4,4,9,2.14,19,5,23,0.92
ENG-Premier League,2425,2024-11-23 Manchester City-Tottenham Hotspur,Tottenham Hotspur,358,42,6,2,3,2.51,9,7,9,0.84
ENG-Premier League,2425,2024-11-24 Ipswich Town-Manchester United,Ipswich Town,349,40,3,3,4,1.59,11,6,11,0.82
ENG-Premier League,2425,2024-11-24 Ipswich Town-Manchester United,Manchester United,568,60,2,1,3,0.80,10,4,11,0.88
ENG-Premier League,2425,2024-11-24 Southampton-Liverpool,Liverpool,531,62,7,5,10,3.15,9,11,27,0.89
ENG-Premier League,2425,2024-11-24 Southampton-Liverpool,Southampton,303,38,3,1,3,1.28,11,5,7,0.83
ENG-Premier League,2425,2024-11-25 Newcastle United-West Ham United,Newcastle United,433,53,2,2,8,1.64,11,2,18,0.85
ENG-Premier League,2425,2024-11-25 Newcastle United-West Ham United,West Ham United,390,47,0,0,3,0.81,8,6,15,0.82
ENG-Premier League,2425,2024-11-29 Brighton & Hove Albion-Southampton,Brighton & Hove Albion,414,52,3,2,7,1.68,20,5,22,0.9
ENG-Premier League,2425,2024-11-29 Brighton & Hove Albion-Southampton,Southampton,368,48,1,1,6,1.01,16,2,10,0.87
ENG-Premier League,2425,2024-11-30 Brentford-Leicester City,Brentford,489,60,4,0,5,2.40,9,6,13,0.85
ENG-Premier League,2425,2024-11-30 Brentford-Leicester City,Leicester City,288,40,1,0,4,1.06,10,3,7,0.76
ENG-Premier League,2425,2024-11-30 Crystal Palace-Newcastle United,Crystal Palace,320,49,5,4,8,1.76,12,4,16,0.8
ENG-Premier League,2425,2024-11-30 Crystal Palace-Newcastle United,Newcastle United,338,51,0,0,9,0.04,11,0,1,0.81
ENG-Premier League,2425,2024-11-30 Nottingham Forest-Ipswich Town,Ipswich Town,307,55,0,0,7,0.59,16,3,7,0.79
ENG-Premier League,2425,2024-11-30 Nottingham Forest-Ipswich Town,Nottingham Forest,238,45,2,1,8,1.68,5,5,12,0.77
ENG-Premier League,2425,2024-11-30 West Ham United-Arsenal,Arsenal,400,60,5,0,10,3.60,13,7,16,0.84
ENG-Premier League,2425,2024-11-30 West Ham United-Arsenal,West Ham United,252,40,2,1,2,1.54,10,5,12,0.78
ENG-Premier League,2425,2024-11-30 Wolverhampton Wanderers-AFC Bournemouth,AFC Bournemouth,265,40,4,1,4,3.29,11,8,12,0.77
ENG-Premier League,2425,2024-11-30 Wolverhampton Wanderers-AFC Bournemouth,Wolverhampton Wanderers,440,60,2,0,3,0.46,13,3,10,0.85
ENG-Premier League,2425,2024-12-01 Chelsea-Aston Villa,Aston Villa,296,36,2,2,4,1.23,6,4,10,0.84
ENG-Premier League,2425,2024-12-01 Chelsea-Aston Villa,Chelsea,561,64,2,2,3,1.69,21,8,17,0.9
ENG-Premier League,2425,2024-12-01 Liverpool-Manchester City,Liverpool,347,44,5,3,7,3.57,9,7,18,0.84
ENG-Premier League,2425,2024-12-01 Liverpool-Manchester City,Manchester City,481,56,1,1,4,0.84,8,2,8,0.88
ENG-Premier League,2425,2024-12-01 Manchester United-Everton,Everton,356,40,1,1,2,0.58,12,2,8,0.86
ENG-Premier League,2425,2024-12-01 Manchester United-Everton,Manchester United,566,60,3,0,2,1.07,12,5,11,0.9
ENG-Premier League,2425,2024-12-01 Tottenham Hotspur-Fulham,Fulham,383,49,3,3,11,1.58,14,6,14,0.84
ENG-Premier League,2425,2024-12-01 Tottenham Hotspur-Fulham,Tottenham Hotspur,427,51,2,1,7,0.78,4,3,8,0.87
ENG-Premier League,2425,2024-12-03 Ipswich Town-Crystal Palace,Crystal Palace,354,46,3,2,7,1.64,13,3,13,0.8
ENG-Premier League,2425,2024-12-03 Ipswich Town-Crystal Palace,Ipswich Town,439,54,1,1,4,0.49,14,2,9,0.83
ENG-Premier League,2425,2024-12-03 Leicester City-West Ham United,Leicester City,287,39,7,5,3,1.67,9,6,8,0.76
ENG-Premier League,2425,2024-12-03 Leicester City-West Ham United,West Ham United,507,61,5,4,9,3.10,7,10,31,0.86
ENG-Premier League,2425,2024-12-04 Arsenal-Manchester United,Arsenal,403,50,5,3,13,2.16,12,6,14,0.87
ENG-Premier League,2425,2024-12-04 Arsenal-Manchester United,Manchester United,412,50,0,0,0,0.22,8,2,5,0.87
ENG-Premier League,2425,2024-12-04 Aston Villa-Brentford,Aston Villa,333,49,4,3,10,2.43,11,10,20,0.86
ENG-Premier League,2425,2024-12-04 Aston Villa-Brentford,Brentford,342,51,1,0,5,1.00,15,1,9,0.85
ENG-Premier League,2425,2024-12-04 Everton-Wolverhampton Wanderers,Everton,292,44,2,2,3,1.02,10,4,13,0.8
ENG-Premier League,2425,2024-12-04 Everton-Wolverhampton Wanderers,Wolverhampton Wanderers,380,56,2,2,4,0.78,8,2,6,0.8
ENG-Premier League,2425,2024-12-04 Manchester City-Nottingham Forest,Manchester City,521,67,4,2,8,2.41,7,7,17,0.89
ENG-Premier League,2425,2024-12-04 Manchester City-Nottingham Forest,Nottingham Forest,230,33,1,1,2,1.04,15,3,12,0.8
ENG-Premier League,2425,2024-12-04 Newcastle United-Liverpool,Liverpool,450,59,4,3,6,1.99,17,5,16,0.88
ENG-Premier League,2425,2024-12-04 Newcastle United-Liverpool,Newcastle United,277,41,4,2,5,2.09,9,6,17,0.79
ENG-Premier League,2425,2024-12-04 Southampton-Chelsea,Chelsea,494,55,12,9,7,5.43,14,13,26,0.92
ENG-Premier League,2425,2024-12-04 Southampton-Chelsea,Southampton,384,45,4,3,5,1.56,7,4,6,0.89
ENG-Premier League,2425,2024-12-05 AFC Bournemouth-Tottenham Hotspur,AFC Bournemouth,174,34,7,6,5,3.71,15,8,21,0.7
ENG-Premier League,2425,2024-12-05 AFC Bournemouth-Tottenham Hotspur,Tottenham Hotspur,394,66,1,1,9,0.87,8,4,12,0.82
ENG-Premier League,2425,2024-12-05 Fulham-Brighton & Hove Albion,Brighton & Hove Albion,438,57,3,3,6,1.47,8,3,13,0.88
ENG-Premier League,2425,2024-12-05 Fulham-Brighton & Hove Albion,Fulham,309,43,1,0,5,0.65,7,2,6,0.81
ENG-Premier League,2425,2024-12-07 Aston Villa-Southampton,Aston Villa,363,47,5,4,14,2.29,18,5,18,0.86
ENG-Premier League,2425,2024-12-07 Aston Villa-Southampton,Southampton,438,53,0,0,1,0.33,15,0,4,0.89
ENG-Premier League,2425,2024-12-07 Brentford-Newcastle United,Brentford,317,44,3,1,3,1.23,10,8,11,0.8
ENG-Premier League,2425,2024-12-07 Brentford-Newcastle United,Newcastle United,428,56,3,2,4,1.48,7,3,16,0.86
ENG-Premier League,2425,2024-12-07 Crystal Palace-Manchester City,Crystal Palace,258,32,1,0,6,1.34,4,3,12,0.77
ENG-Premier League,2425,2024-12-07 Crystal Palace-Manchester City,Manchester City,636,68,3,1,8,1.45,10,4,12,0.88
ENG-Premier League,2425,2024-12-07 Manchester United-Nottingham Forest,Manchester United,528,71,2,1,5,1.60,10,7,17,0.88
ENG-Premier League,2425,2024-12-07 Manchester United-Nottingham Forest,Nottingham Forest,158,29,0,0,3,0.83,13,3,11,0.65
ENG-Premier League,2425,2024-12-08 Fulham-Arsenal,Arsenal,522,66,4,3,6,2.03,9,4,12,0.89
ENG-Premier League,2425,2024-12-08 Fulham-Arsenal,Fulham,218,34,0,0,0,0.16,10,2,2,0.72
ENG-Premier League,2425,2024-12-08 Ipswich Town-AFC Bournemouth,AFC Bournemouth,357,57,5,3,13,3.28,13,6,22,0.81
ENG-Premier League,2425,2024-12-08 Ipswich Town-AFC Bournemouth,Ipswich Town,250,43,1,1,6,1.32,9,5,18,0.74
ENG-Premier League,2425,2024-12-08 Leicester City-Brighton & Hove Albion,Brighton & Hove Albion,366,45,0,0,5,1.54,10,7,16,0.85
ENG-Premier League,2425,2024-12-08 Leicester City-Brighton & Hove Albion,Leicester City,439,55,3,1,4,1.31,9,3,10,0.84
ENG-Premier League,2425,2024-12-08 Tottenham Hotspur-Chelsea,Chelsea,446,62,3,1,10,2.83,11,8,17,0.86
ENG-Premier League,2425,2024-12-08 Tottenham Hotspur-Chelsea,Tottenham Hotspur,263,38,6,4,5,2.90,17,5,13,0.83
ENG-Premier League,2425,2024-12-09 West Ham United-Wolverhampton Wanderers,West Ham United,348,54,1,1,11,0.97,12,4,19,0.8
ENG-Premier League,2425,2024-12-09 West Ham United-Wolverhampton Wanderers,Wolverhampton Wanderers,290,46,2,1,0,1.47,17,5,19,0.77
ENG-Premier League,2425,2024-12-14 Arsenal-Everton,Arsenal,631,77,1,1,8,1.22,6,5,13,0.92
ENG-Premier League,2425,2024-12-14 Arsenal-Everton,Everton,149,23,0,0,2,0.09,9,0,2,0.71
ENG-Premier League,2425,2024-12-14 Liverpool-Fulham,Fulham,280,39,1,0,4,1.22,7,3,12,0.82
ENG-Premier League,2425,2024-12-14 Liverpool-Fulham,Liverpool,469,61,3,1,5,2.13,10,4,16,0.89
ENG-Premier League,2425,2024-12-14 Newcastle United-Leicester City,Leicester City,331,41,0,0,2,0.19,16,1,4,0.78
ENG-Premier League,2425,2024-12-14 Newcastle United-Leicester City,Newcastle United,553,59,5,2,5,3.79,7,11,27,0.87
ENG-Premier League,2425,2024-12-14 Nottingham Forest-Aston Villa,Aston Villa,414,50,0,0,3,0.42,6,2,8,0.88
ENG-Premier League,2425,2024-12-14 Nottingham Forest-Aston Villa,Nottingham Forest,431,50,3,1,4,1.78,12,6,17,0.91
ENG-Premier League,2425,2024-12-14 Wolverhampton Wanderers-Ipswich Town,Ipswich Town,350,46,2,2,3,1.20,9,5,10,0.83
ENG-Premier League,2425,2024-12-14 Wolverhampton Wanderers-Ipswich Town,Wolverhampton Wanderers,418,54,1,1,7,1.27,13,6,16,0.84
ENG-Premier League,2425,2024-12-15 Brighton & Hove Albion-Crystal Palace,Brighton & Hove Albion,503,65,1,1,8,1.00,11,5,17,0.88
ENG-Premier League,2425,2024-12-15 Brighton & Hove Albion-Crystal Palace,Crystal Palace,225,35,5,2,5,2.31,15,5,13,0.74
ENG-Premier League,2425,2024-12-15 Chelsea-Brentford,Brentford,250,38,4,3,5,1.61,7,4,9,0.76
ENG-Premier League,2425,2024-12-15 Chelsea-Brentford,Chelsea,443,62,4,3,8,2.23,11,8,26,0.86
ENG-Premier League,2425,2024-12-15 Manchester City-Manchester United,Manchester City,432,52,0,0,8,0.95,5,3,10,0.87
ENG-Premier League,2425,2024-12-15 Manchester City-Manchester United,Manchester United,413,48,3,1,2,2.08,14,3,10,0.88
ENG-Premier League,2425,2024-12-15 Southampton-Tottenham Hotspur,Southampton,373,42,3,3,2,0.84,8,3,9,0.87
ENG-Premier League,2425,2024-12-15 Southampton-Tottenham Hotspur,Tottenham Hotspur,544,58,6,1,5,2.44,15,9,18,0.91
ENG-Premier League,2425,2024-12-16 AFC Bournemouth-West Ham United,AFC Bournemouth,331,51,2,2,12,2.01,6,9,29,0.76
ENG-Premier League,2425,2024-12-16 AFC Bournemouth-West Ham United,West Ham United,305,49,1,0,6,2.06,11,3,16,0.73
ENG-Premier League,2425,2024-12-21 Aston Villa-Manchester City,Aston Villa,369,44,4,3,5,1.67,14,6,11,0.86
ENG-Premier League,2425,2024-12-21 Aston Villa-Manchester City,Manchester City,496,56,2,1,4,1.03,7,6,12,0.92
ENG-Premier League,2425,2024-12-21 Brentford-Nottingham Forest,Brentford,452,64,1,1,9,0.72,10,3,7,0.85
ENG-Premier League,2425,2024-12-21 Brentford-Nottingham Forest,Nottingham Forest,236,36,2,1,5,0.90,14,6,10,0.78
ENG-Premier League,2425,2024-12-21 Crystal Palace-Arsenal,Arsenal,479,58,5,2,3,2.87,8,6,14,0.87
ENG-Premier League,2425,2024-12-21 Crystal Palace-Arsenal,Crystal Palace,318,42,3,3,3,1.59,9,6,15,0.81
ENG-Premier League,2425,2024-12-21 Ipswich Town-Newcastle United,Ipswich Town,357,42,1,1,2,0.71,9,2,10,0.83
ENG-Premier League,2425,2024-12-21 Ipswich Town-Newcastle United,Newcastle United,537,58,6,4,1,2.33,7,7,15,0.87
ENG-Premier League,2425,2024-12-21 West Ham United-Brighton & Hove Albion,Brighton & Hove Albion,372,54,4,3,4,0.94,20,6,12,0.85
ENG-Premier League,2425,2024-12-21 West Ham United-Brighton & Hove Albion,West Ham United,283,46,2,1,8,1.31,14,4,11,0.76
ENG-Premier League,2425,2024-12-22 Everton-Chelsea,Chelsea,577,75,3,3,5,1.17,12,5,12,0.9
ENG-Premier League,2425,2024-12-22 Everton-Chelsea,Everton,152,25,2,2,2,1.03,20,4,5,0.73
ENG-Premier League,2425,2024-12-22 Fulham-Southampton,Fulham,465,57,2,2,6,0.88,8,5,15,0.86
ENG-Premier League,2425,2024-12-22 Fulham-Southampton,Southampton,336,43,0,0,5,0.26,15,1,5,0.8
ENG-Premier League,2425,2024-12-22 Leicester City-Wolverhampton Wanderers,Leicester City,473,54,1,1,6,0.80,15,5,9,0.87
ENG-Premier League,2425,2024-12-22 Leicester City-Wolverhampton Wanderers,Wolverhampton Wanderers,400,46,2,1,1,1.11,16,4,8,0.84
ENG-Premier League,2425,2024-12-22 Manchester United-AFC Bournemouth,AFC Bournemouth,253,40,2,0,1,1.63,11,5,10,0.75
ENG-Premier League,2425,2024-12-22 Manchester United-AFC Bournemouth,Manchester United,396,60,4,4,13,2.28,11,7,23,0.8
ENG-Premier League,2425,2024-12-22 Tottenham Hotspur-Liverpool,Liverpool,432,48,11,5,5,5.63,9,12,24,0.86
ENG-Premier League,2425,2024-12-22 Tottenham Hotspur-Liverpool,Tottenham Hotspur,466,52,2,0,7,1.27,7,5,9,0.85
ENG-Premier League,2425,2024-12-26 AFC Bournemouth-Crystal Palace,AFC Bournemouth,376,52,0,0,5,1.47,13,4,18,0.82
ENG-Premier League,2425,2024-12-26 AFC Bournemouth-Crystal Palace,Crystal Palace,335,48,0,0,2,0.45,12,4,10,0.78
ENG-Premier League,2425,2024-12-26 Chelsea-Fulham,Chelsea,422,47,3,3,3,1.12,13,8,12,0.83
ENG-Premier League,2425,2024-12-26 Chelsea-Fulham,Fulham,489,53,3,1,1,1.78,13,7,14,0.86
ENG-Premier League,2425,2024-12-26 Liverpool-Leicester City,Leicester City,237,32,0,0,1,0.34,5,1,4,0.76
ENG-Premier League,2425,2024-12-26 Liverpool-Leicester City,Liverpool,590,68,1,0,14,1.91,17,7,19,0.91
ENG-Premier League,2425,2024-12-26 Manchester City-Everton,Everton,259,34,1,0,5,0.63,10,3,8,0.81
ENG-Premier League,2425,2024-12-26 Manchester City-Everton,Manchester City,586,66,4,4,8,2.09,5,5,24,0.91
ENG-Premier League,2425,2024-12-26 Newcastle United-Aston Villa,Aston Villa,254,37,0,0,6,0.34,10,1,4,0.8
ENG-Premier League,2425,2024-12-26 Newcastle United-Aston Villa,Newcastle United,504,63,3,2,9,2.76,15,8,22,0.92
ENG-Premier League,2425,2024-12-26 Nottingham Forest-Tottenham Hotspur,Nottingham Forest,191,30,2,1,2,1.12,12,3,10,0.73
ENG-Premier League,2425,2024-12-26 Nottingham Forest-Tottenham Hotspur,Tottenham Hotspur,545,70,1,1,7,0.90,13,4,13,0.88
ENG-Premier League,2425,2024-12-26 Southampton-West Ham United,Southampton,399,54,4,4,2,1.40,15,5,18,0.84
ENG-Premier League,2425,2024-12-26 Southampton-West Ham United,West Ham United,325,46,2,1,2,1.81,8,2,16,0.79
ENG-Premier League,2425,2024-12-26 Wolverhampton Wanderers-Manchester United,Manchester United,366,49,0,0,4,0.44,12,4,11,0.8
ENG-Premier League,2425,2024-12-26 Wolverhampton Wanderers-Manchester United,Wolverhampton Wanderers,394,51,1,0,4,0.86,12,4,7,0.83
ENG-Premier League,2425,2024-12-27 Arsenal-Ipswich Town,Arsenal,604,68,3,2,5,1.86,7,5,13,0.9
ENG-Premier League,2425,2024-12-27 Arsenal-Ipswich Town,Ipswich Town,256,32,0,0,1,0.15,12,0,3,0.81
ENG-Premier League,2425,2024-12-27 Brighton & Hove Albion-Brentford,Brentford,267,42,1,1,3,1.07,12,3,8,0.75
ENG-Premier League,2425,2024-12-27 Brighton & Hove Albion-Brentford,Brighton & Hove Albion,404,58,1,1,5,1.31,6,7,24,0.82
ENG-Premier League,2425,2024-12-29 Crystal Palace-Southampton,Crystal Palace,298,46,4,3,8,2.03,18,10,19,0.77
ENG-Premier League,2425,2024-12-29 Crystal Palace-Southampton,Southampton,358,54,1,0,7,0.94,19,3,7,0.8
ENG-Premier League,2425,2024-12-29 Everton-Nottingham Forest,Everton,391,64,0,0,5,0.89,13,2,13,0.81
ENG-Premier League,2425,2024-12-29 Everton-Nottingham Forest,Nottingham Forest,196,36,5,5,4,1.48,10,7,11,0.68
ENG-Premier League,2425,2024-12-29 Fulham-AFC Bournemouth,AFC Bournemouth,348,48,3,1,7,1.98,16,9,16,0.79
ENG-Premier League,2425,2024-12-29 Fulham-AFC Bournemouth,Fulham,387,52,1,0,1,1.11,7,6,11,0.8
ENG-Premier League,2425,2024-12-29 Leicester City-Manchester City,Leicester City,538,54,3,3,4,1.30,11,4,11,0.93
ENG-Premier League,2425,2024-12-29 Leicester City-Manchester City,Manchester City,461,46,2,0,4,1.27,6,5,14,0.91
ENG-Premier League,2425,2024-12-29 Tottenham Hotspur-Wolverhampton Wanderers,Tottenham Hotspur,320,48,5,3,5,2.25,9,3,13,0.77
ENG-Premier League,2425,2024-12-29 Tottenham Hotspur-Wolverhampton Wanderers,Wolverhampton Wanderers,366,52,1,0,5,0.72,10,3,11,0.8
ENG-Premier League,2425,2024-12-29 West Ham United-Liverpool,Liverpool,475,54,9,6,6,3.15,10,13,22,0.88
ENG-Premier League,2425,2024-12-29 West Ham United-Liverpool,West Ham United,399,46,1,1,2,0.36,7,0,7,0.86
ENG-Premier League,2425,2024-12-30 Aston Villa-Brighton & Hove Albion,Aston Villa,412,60,3,2,12,1.78,9,4,20,0.85
ENG-Premier League,2425,2024-12-30 Aston Villa-Brighton & Hove Albion,Brighton & Hove Albion,263,40,2,1,3,1.13,14,4,13,0.8
ENG-Premier League,2425,2024-12-30 Ipswich Town-Chelsea,Chelsea,655,76,4,4,7,2.00,5,5,20,0.9
ENG-Premier League,2425,2024-12-30 Ipswich Town-Chelsea,Ipswich Town,144,24,2,1,4,1.58,9,6,9,0.63
ENG-Premier League,2425,2024-12-30 Manchester United-Newcastle United,Manchester United,508,53,2,2,2,0.90,13,1,10,0.87
ENG-Premier League,2425,2024-12-30 Manchester United-Newcastle United,Newcastle United,444,47,4,3,3,1.92,8,4,12,0.86
ENG-Premier League,2425,2025-01-01 Brentford-Arsenal,Arsenal,388,50,2,0,3,1.91,8,5,14,0.83
ENG-Premier League,2425,2025-01-01 Brentford-Arsenal,Brentford,399,50,0,0,4,0.32,6,2,5,0.82
ENG-Premier League,2425,2025-01-04 AFC Bournemouth-Everton,AFC Bournemouth,338,58,5,5,9,1.84,15,8,19,0.77
ENG-Premier League,2425,2025-01-04 AFC Bournemouth-Everton,Everton,217,42,1,1,3,0.71,14,0,9,0.67
ENG-Premier League,2425,2025-01-04 Aston Villa-Leicester City,Aston Villa,551,61,3,2,6,1.56,10,5,13,0.89
ENG-Premier League,2425,2025-01-04 Aston Villa-Leicester City,Leicester City,335,39,3,2,2,0.41,11,2,4,0.84
ENG-Premier League,2425,2025-01-04 Brighton & Hove Albion-Arsenal,Arsenal,456,55,5,4,5,0.88,14,3,9,0.88
ENG-Premier League,2425,2025-01-04 Brighton & Hove Albion-Arsenal,Brighton & Hove Albion,368,45,3,2,2,1.52,17,4,11,0.86
ENG-Premier League,2425,2025-01-04 Crystal Palace-Chelsea,Chelsea,487,62,2,1,6,1.24,12,1,15,0.86
ENG-Premier League,2425,2025-01-04 Crystal Palace-Chelsea,Crystal Palace,260,38,2,1,6,1.08,9,6,13,0.75
ENG-Premier League,2425,2025-01-04 Manchester City-West Ham United,Manchester City,496,56,3,0,7,1.91,8,7,10,0.89
ENG-Premier League,2425,2025-01-04 Manchester City-West Ham United,West Ham United,372,44,3,2,1,1.37,13,4,17,0.86
ENG-Premier League,2425,2025-01-04 Southampton-Brentford,Brentford,393,49,11,6,2,4.46,4,11,20,0.86
ENG-Premier League,2425,2025-01-04 Southampton-Brentford,Southampton,398,51,0,0,2,0.29,10,1,8,0.86
ENG-Premier League,2425,2025-01-04 Tottenham Hotspur-Newcastle United,Newcastle United,284,43,4,2,10,2.53,15,4,14,0.79
ENG-Premier League,2425,2025-01-04 Tottenham Hotspur-Newcastle United,Tottenham Hotspur,377,57,1,0,9,0.94,11,4,13,0.81
ENG-Premier League,2425,2025-01-05 Fulham-Ipswich Town,Fulham,602,73,4,2,9,2.24,10,4,15,0.88
ENG-Premier League,2425,2025-01-05 Fulham-Ipswich Town,Ipswich Town,196,27,3,1,2,1.59,14,3,7,0.75
ENG-Premier League,2425,2025-01-05 Liverpool-Manchester United,Liverpool,364,53,4,3,6,2.82,10,6,19,0.83
ENG-Premier League,2425,2025-01-05 Liverpool-Manchester United,Manchester United,287,47,3,2,9,1.05,13,4,13,0.75
ENG-Premier League,2425,2025-01-06 Wolverhampton Wanderers-Nottingham Forest,Nottingham Forest,286,39,4,2,3,2.13,8,3,11,0.79
ENG-Premier League,2425,2025-01-06 Wolverhampton Wanderers-Nottingham Forest,Wolverhampton Wanderers,466,61,2,2,5,1.59,10,6,13,0.85
ENG-Premier League,2425,2025-01-14 Brentford-Manchester City,Brentford,335,45,4,3,4,2.58,4,6,18,0.81
ENG-Premier League,2425,2025-01-14 Brentford-Manchester City,Manchester City,449,55,5,3,5,2.20,4,8,21,0.87
ENG-Premier League,2425,2025-01-14 Chelsea-AFC Bournemouth,AFC Bournemouth,248,43,1,0,3,1.18,16,3,7,0.78
ENG-Premier League,2425,2025-01-14 Chelsea-AFC Bournemouth,Chelsea,355,57,5,4,9,2.50,15,10,26,0.83
ENG-Premier League,2425,2025-01-14 Nottingham Forest-Liverpool,Liverpool,482,71,4,3,9,1.99,10,7,23,0.85
ENG-Premier League,2425,2025-01-14 Nottingham Forest-Liverpool,Nottingham Forest,159,29,1,0,0,0.31,7,3,6,0.68
ENG-Premier League,2425,2025-01-14 West Ham United-Fulham,Fulham,445,56,3,3,3,1.90,18,5,21,0.85
ENG-Premier League,2425,2025-01-14 West Ham United-Fulham,West Ham United,349,44,2,0,0,0.95,9,3,4,0.83
ENG-Premier League,2425,2025-01-15 Arsenal-Tottenham Hotspur,Arsenal,357,53,4,4,10,1.45,16,4,14,0.84
ENG-Premier League,2425,2025-01-15 Arsenal-Tottenham Hotspur,Tottenham Hotspur,314,47,1,1,4,0.78,9,2,10,0.84
ENG-Premier League,2425,2025-01-15 Everton-Aston Villa,Aston Villa,360,50,4,3,5,1.21,10,3,11,0.83
ENG-Premier League,2425,2025-01-15 Everton-Aston Villa,Everton,336,50,3,3,8,1.14,17,3,10,0.81
ENG-Premier League,2425,2025-01-15 Leicester City-Crystal Palace,Crystal Palace,358,43,4,2,3,1.82,6,4,9,0.79
ENG-Premier League,2425,2025-01-15 Leicester City-Crystal Palace,Leicester City,523,57,3,3,4,1.70,7,4,21,0.86
ENG-Premier League,2425,2025-01-15 Newcastle United-Wolverhampton Wanderers,Newcastle United,507,61,3,1,4,2.11,10,5,17,0.87
ENG-Premier League,2425,2025-01-15 Newcastle United-Wolverhampton Wanderers,Wolverhampton Wanderers,294,39,5,5,2,1.62,13,7,13,0.77
ENG-Premier League,2425,2025-01-16 Ipswich Town-Brighton & Hove Albion,Brighton & Hove Albion,396,54,0,0,9,0.97,14,5,11,0.85
ENG-Premier League,2425,2025-01-16 Ipswich Town-Brighton & Hove Albion,Ipswich Town,341,46,0,0,1,0.28,13,3,5,0.83
ENG-Premier League,2425,2025-01-16 Manchester United-Southampton,Manchester United,504,60,6,3,4,3.42,7,9,23,0.85
ENG-Premier League,2425,2025-01-16 Manchester United-Southampton,Southampton,323,40,1,1,4,1.54,10,5,13,0.8
ENG-Premier League,2425,2025-01-18 Arsenal-Aston Villa,Arsenal,429,66,2,0,10,1.33,10,6,18,0.89
ENG-Premier League,2425,2025-01-18 Arsenal-Aston Villa,Aston Villa,193,34,2,0,1,1.04,18,4,8,0.74
ENG-Premier League,2425,2025-01-18 Brentford-Liverpool,Brentford,252,39,2,2,2,0.72,6,6,11,0.79
ENG-Premier League,2425,2025-01-18 Brentford-Liverpool,Liverpool,423,61,4,2,15,3.43,14,8,37,0.87
ENG-Premier League,2425,2025-01-18 Leicester City-Fulham,Fulham,505,61,4,2,2,2.19,8,2,17,0.86
ENG-Premier League,2425,2025-01-18 Leicester City-Fulham,Leicester City,294,39,1,1,5,0.47,8,4,8,0.77
ENG-Premier League,2425,2025-01-18 Newcastle United-AFC Bournemouth,AFC Bournemouth,243,45,4,2,6,2.26,18,10,19,0.76
ENG-Premier League,2425,2025-01-18 Newcastle United-AFC Bournemouth,Newcastle United,310,55,1,1,7,0.79,7,5,13,0.78
ENG-Premier League,2425,2025-01-18 West Ham United-Crystal Palace,Crystal Palace,386,46,2,1,4,1.32,10,7,12,0.81
ENG-Premier League,2425,2025-01-18 West Ham United-Crystal Palace,West Ham United,449,54,0,0,2,0.28,13,0,7,0.82
ENG-Premier League,2425,2025-01-19 Everton-Tottenham Hotspur,Everton,269,35,5,3,3,1.95,14,6,12,0.83
ENG-Premier League,2425,2025-01-19 Everton-Tottenham Hotspur,Tottenham Hotspur,528,65,2,1,8,1.12,14,6,11,0.86
ENG-Premier League,2425,2025-01-19 Ipswich Town-Manchester City,Ipswich Town,308,33,1,1,4,0.58,4,4,8,0.87
ENG-Premier League,2425,2025-01-19 Ipswich Town-Manchester City,Manchester City,686,67,6,2,7,3.03,7,9,17,0.92
ENG-Premier League,2425,2025-01-19 Manchester United-Brighton & Hove Albion,Brighton & Hove Albion,355,48,4,1,2,1.93,12,3,6,0.81
ENG-Premier League,2425,2025-01-19 Manchester United-Brighton & Hove Albion,Manchester United,382,52,1,0,4,1.48,13,1,10,0.83
ENG-Premier League,2425,2025-01-19 Nottingham Forest-Southampton,Nottingham Forest,318,44,4,4,2,2.05,4,5,14,0.82
ENG-Premier League,2425,2025-01-19 Nottingham Forest-Southampton,Southampton,414,56,2,1,8,0.89,18,4,10,0.87
ENG-Premier League,2425,2025-01-20 Chelsea-Wolverhampton Wanderers,Chelsea,504,63,4,1,3,3.20,8,7,19,0.89
ENG-Premier League,2425,2025-01-20 Chelsea-Wolverhampton Wanderers,Wolverhampton Wanderers,261,37,1,0,6,0.81,14,4,9,0.78
ENG-Premier League,2425,2025-01-25 AFC Bournemouth-Nottingham Forest,AFC Bournemouth,288,51,3,0,3,1.69,9,10,16,0.8
ENG-Premier League,2425,2025-01-25 AFC Bournemouth-Nottingham Forest,Nottingham Forest,253,49,1,1,9,0.98,12,4,18,0.75
ENG-Premier League,2425,2025-01-25 Brighton & Hove Albion-Everton,Brighton & Hove Albion,560,69,0,0,9,0.73,8,1,16,0.87
ENG-Premier League,2425,2025-01-25 Brighton & Hove Albion-Everton,Everton,224,31,1,0,1,0.85,11,1,3,0.75
ENG-Premier League,2425,2025-01-25 Liverpool-Ipswich Town,Ipswich Town,241,30,2,1,4,0.48,11,3,3,0.77
ENG-Premier League,2425,2025-01-25 Liverpool-Ipswich Town,Liverpool,673,70,3,0,3,1.98,10,6,16,0.9
ENG-Premier League,2425,2025-01-25 Manchester City-Chelsea,Chelsea,352,43,3,2,3,1.80,8,4,10,0.83
ENG-Premier League,2425,2025-01-25 Manchester City-Chelsea,Manchester City,489,57,7,4,2,2.50,6,6,15,0.86
ENG-Premier League,2425,2025-01-25 Southampton-Newcastle United,Newcastle United,357,47,6,3,8,2.93,5,9,17,0.83
ENG-Premier League,2425,2025-01-25 Southampton-Newcastle United,Southampton,396,53,1,0,3,0.76,10,5,12,0.84
ENG-Premier League,2425,2025-01-25 Wolverhampton Wanderers-Arsenal,Arsenal,329,48,3,3,5,1.00,10,3,9,0.83
ENG-Premier League,2425,2025-01-25 Wolverhampton Wanderers-Arsenal,Wolverhampton Wanderers,364,52,1,1,1,0.74,20,4,9,0.84
ENG-Premier League,2425,2025-01-26 Aston Villa-West Ham United,Aston Villa,309,46,0,0,4,0.85,13,4,14,0.82
ENG-Premier League,2425,2025-01-26 Aston Villa-West Ham United,West Ham United,374,54,4,3,3,1.31,16,4,14,0.84
ENG-Premier League,2425,2025-01-26 Crystal Palace-Brentford,Brentford,251,53,1,0,7,1.26,11,6,12,0.71
ENG-Premier League,2425,2025-01-26 Crystal Palace-Brentford,Crystal Palace,223,47,1,0,4,1.08,8,5,16,0.71
ENG-Premier League,2425,2025-01-26 Fulham-Manchester United,Fulham,413,51,0,0,3,0.67,7,3,9,0.83
ENG-Premier League,2425,2025-01-26 Fulham-Manchester United,Manchester United,412,49,0,0,0,0.25,9,1,4,0.84
ENG-Premier League,2425,2025-01-26 Tottenham Hotspur-Leicester City,Leicester City,263,39,1,0,4,1.56,16,3,12,0.74
ENG-Premier League,2425,2025-01-26 Tottenham Hotspur-Leicester City,Tottenham Hotspur,450,61,2,1,6,1.04,6,6,15,0.84
ENG-Premier League,2425,2025-02-01 AFC Bournemouth-Liverpool,AFC Bournemouth,324,49,3,3,3,1.58,15,3,14,0.79
ENG-Premier League,2425,2025-02-01 AFC Bournemouth-Liverpool,Liverpool,348,51,4,3,3,2.52,9,7,19,0.82
ENG-Premier League,2425,2025-02-01 Everton-Leicester City,Everton,359,47,7,3,5,2.46,7,7,13,0.81
ENG-Premier League,2425,2025-02-01 Everton-Leicester City,Leicester City,398,53,0,0,6,0.33,13,1,9,0.81
ENG-Premier League,2425,2025-02-01 Ipswich Town-Southampton,Ipswich Town,458,57,2,1,1,1.84,11,6,15,0.85
ENG-Premier League,2425,2025-02-01 Ipswich Town-Southampton,Southampton,312,43,1,0,2,0.91,14,4,9,0.78
ENG-Premier League,2425,2025-02-01 Newcastle United-Fulham,Fulham,353,52,2,1,7,1.56,15,4,15,0.82
ENG-Premier League,2425,2025-02-01 Newcastle United-Fulham,Newcastle United,332,48,3,2,3,0.75,10,4,11,0.82
ENG-Premier League,2425,2025-02-01 Nottingham Forest-Brighton & Hove Albion,Brighton & Hove Albion,458,63,1,1,6,0.88,13,5,10,0.86
ENG-Premier League,2425,2025-02-01 Nottingham Forest-Brighton & Hove Albion,Nottingham Forest,256,37,6,1,4,3.41,8,9,14,0.79
ENG-Premier League,2425,2025-02-01 Wolverhampton Wanderers-Aston Villa,Aston Villa,493,69,1,1,8,0.45,13,3,10,0.89
ENG-Premier League,2425,2025-02-01 Wolverhampton Wanderers-Aston Villa,Wolverhampton Wanderers,200,31,4,3,5,1.63,20,5,8,0.81
ENG-Premier League,2425,2025-02-02 Arsenal-Manchester City,Arsenal,347,46,2,1,5,1.00,6,7,12,0.87
ENG-Premier League,2425,2025-02-02 Arsenal-Manchester City,Manchester City,426,54,1,0,2,0.81,7,4,7,0.9
ENG-Premier League,2425,2025-02-02 Brentford-Tottenham Hotspur,Brentford,389,54,2,2,10,2.06,4,4,20,0.82
ENG-Premier League,2425,2025-02-02 Brentford-Tottenham Hotspur,Tottenham Hotspur,356,46,2,1,3,0.86,11,2,13,0.82
ENG-Premier League,2425,2025-02-02 Manchester United-Crystal Palace,Crystal Palace,188,33,4,2,0,2.60,13,3,11,0.65
ENG-Premier League,2425,2025-02-02 Manchester United-Crystal Palace,Manchester United,463,67,1,1,11,1.12,12,2,17,0.82
ENG-Premier League,2425,2025-02-03 Chelsea-West Ham United,Chelsea,516,68,2,1,4,1.67,11,3,22,0.86
ENG-Premier League,2425,2025-02-03 Chelsea-West Ham United,West Ham United,206,32,1,1,3,1.22,10,5,14,0.74
ENG-Premier League,2425,2025-02-12 Everton-Liverpool,Everton,215,37,1,0,2,0.95,9,3,10,0.7
ENG-Premier League,2425,2025-02-12 Everton-Liverpool,Liverpool,452,63,2,0,3,0.62,20,4,6,0.83
ENG-Premier League,2425,2025-02-14 Brighton & Hove Albion-Chelsea,Brighton & Hove Albion,251,30,5,4,2,1.42,12,5,13,0.77
ENG-Premier League,2425,2025-02-14 Brighton & Hove Albion-Chelsea,Chelsea,664,70,1,1,9,0.54,15,0,8,0.9
ENG-Premier League,2425,2025-02-15 Aston Villa-Ipswich Town,Aston Villa,603,76,6,5,16,2.42,7,6,25,0.91
ENG-Premier League,2425,2025-02-15 Aston Villa-Ipswich Town,Ipswich Town,160,24,0,0,1,0.37,11,3,4,0.73
ENG-Premier League,2425,2025-02-15 Crystal Palace-Everton,Crystal Palace,401,58,4,3,6,1.72,9,6,17,0.77
ENG-Premier League,2425,2025-02-15 Crystal Palace-Everton,Everton,264,42,2,1,2,0.96,12,6,11,0.72
ENG-Premier League,2425,2025-02-15 Fulham-Nottingham Forest,Fulham,439,56,4,2,8,2.18,13,10,24,0.88
ENG-Premier League,2425,2025-02-15 Fulham-Nottingham Forest,Nottingham Forest,343,44,0,0,4,0.42,8,2,8,0.85
ENG-Premier League,2425,2025-02-15 Leicester City-Arsenal,Arsenal,420,60,3,1,7,1.38,10,5,11,0.86
ENG-Premier League,2425,2025-02-15 Leicester City-Arsenal,Leicester City,230,40,1,1,3,0.22,9,2,6,0.72
ENG-Premier League,2425,2025-02-15 Manchester City-Newcastle United,Manchester City,543,62,4,1,7,1.90,5,7,11,0.92
ENG-Premier League,2425,2025-02-15 Manchester City-Newcastle United,Newcastle United,292,38,0,0,4,0.48,13,1,3,0.83
ENG-Premier League,2425,2025-02-15 Southampton-AFC Bournemouth,AFC Bournemouth,399,55,3,2,6,1.20,15,7,14,0.83
ENG-Premier League,2425,2025-02-15 Southampton-AFC Bournemouth,Southampton,306,45,1,1,4,0.79,13,4,11,0.79
ENG-Premier League,2425,2025-02-15 West Ham United-Brentford,Brentford,282,42,2,1,2,1.66,13,5,14,0.78
ENG-Premier League,2425,2025-02-15 West Ham United-Brentford,West Ham United,426,58,1,1,9,0.82,10,3,13,0.85
ENG-Premier League,2425,2025-02-16 Liverpool-Wolverhampton Wanderers,Liverpool,364,50,2,0,4,1.66,15,3,10,0.82
ENG-Premier League,2425,2025-02-16 Liverpool-Wolverhampton Wanderers,Wolverhampton Wanderers,388,50,1,1,3,1.50,13,4,16,0.85
ENG-Premier League,2425,2025-02-16 Tottenham Hotspur-Manchester United,Manchester United,344,44,2,2,5,1.52,9,6,16,0.83
ENG-Premier League,2425,2025-02-16 Tottenham Hotspur-Manchester United,Tottenham Hotspur,459,56,1,0,10,2.23,13,7,22,0.88
ENG-Premier League,2425,2025-02-19 Aston Villa-Liverpool,Aston Villa,379,52,2,0,6,0.67,8,4,9,0.84
ENG-Premier League,2425,2025-02-19 Aston Villa-Liverpool,Liverpool,340,48,3,2,8,2.51,6,3,17,0.84
ENG-Premier League,2425,2025-02-21 Leicester City-Brentford,Brentford,359,52,3,1,6,1.52,10,6,14,0.84
ENG-Premier League,2425,2025-02-21 Leicester City-Brentford,Leicester City,314,48,1,1,5,0.51,10,3,8,0.82
ENG-Premier League,2425,2025-02-22 AFC Bournemouth-Wolverhampton Wanderers,AFC Bournemouth,275,45,1,1,6,0.62,17,3,8,0.76
ENG-Premier League,2425,2025-02-22 AFC Bournemouth-Wolverhampton Wanderers,Wolverhampton Wanderers,364,55,3,2,7,2.00,9,5,13,0.8
ENG-Premier League,2425,2025-02-22 Arsenal-West Ham United,Arsenal,574,68,1,1,2,1.22,16,2,20,0.89
ENG-Premier League,2425,2025-02-22 Arsenal-West Ham United,West Ham United,241,32,1,0,0,1.07,15,2,5,0.78
ENG-Premier League,2425,2025-02-22 Aston Villa-Chelsea,Aston Villa,421,52,3,2,2,2.33,15,6,12,0.87
ENG-Premier League,2425,2025-02-22 Aston Villa-Chelsea,Chelsea,393,48,3,2,3,2.30,16,7,15,0.88
ENG-Premier League,2425,2025-02-22 Everton-Manchester United,Everton,231,38,4,3,7,1.91,12,8,9,0.74
ENG-Premier League,2425,2025-02-22 Everton-Manchester United,Manchester United,456,62,1,1,8,0.41,9,3,9,0.86
ENG-Premier League,2425,2025-02-22 Fulham-Crystal Palace,Crystal Palace,254,38,2,2,7,1.29,7,5,10,0.76
ENG-Premier League,2425,2025-02-22 Fulham-Crystal Palace,Fulham,450,62,0,0,7,0.20,10,0,10,0.83
ENG-Premier League,2425,2025-02-22 Ipswich Town-Tottenham Hotspur,Ipswich Town,292,41,3,2,4,1.15,15,5,17,0.82
ENG-Premier League,2425,2025-02-22 Ipswich Town-Tottenham Hotspur,Tottenham Hotspur,461,59,1,0,4,1.71,14,6,10,0.86
ENG-Premier League,2425,2025-02-22 Southampton-Brighton & Hove Albion,Brighton & Hove Albion,356,50,10,7,6,3.97,12,12,18,0.82
ENG-Premier League,2425,2025-02-22 Southampton-Brighton & Hove Albion,Southampton,346,50,0,0,5,0.13,11,1,6,0.8
ENG-Premier League,2425,2025-02-23 Manchester City-Liverpool,Liverpool,268,34,1,1,5,0.71,10,4,8,0.81
ENG-Premier League,2425,2025-02-23 Manchester City-Liverpool,Manchester City,603,66,0,0,7,0.65,3,5,16,0.92
ENG-Premier League,2425,2025-02-23 Newcastle United-Nottingham Forest,Newcastle United,379,57,4,2,7,2.91,11,5,13,0.82
ENG-Premier League,2425,2025-02-23 Newcastle United-Nottingham Forest,Nottingham Forest,253,43,4,2,6,1.79,13,5,17,0.73
